mesh_path,metrics,num_tokens,original_occupied,reconstructed_occupied,sample_id
eval_data/meshes/0001c4ddd54a4a9a8afe5e03ed0bd082.glb,"{'voxel_iou': 0.9265096783638, 'voxel_f1': 0.9618531417079816, 'voxel_precision': 0.9632322788238525, 'voxel_recall': 0.9604779481887817}",1024,9792,9764,vqvae_0001c4ddd54a4a9a
eval_data/meshes/000213ffa75749729c5a69e3d30519a9.glb,"{'voxel_iou': 0.8105082511901855, 'voxel_f1': 0.8953378255881218, 'voxel_precision': 0.9039478302001953, 'voxel_recall': 0.8868902921676636}",1024,9062,8891,vqvae_000213ffa7574972
