{
  "corpus_prefix": "pad_outputs/qwen3vl_3d_sft_8cat.jsonl",
  "merge_table": "pad_outputs/merge_table_rel_offset.json",
  "samples": 18577,
  "total_leaf_tokens": 42142078,
  "total_macro_tokens": 37521518,
  "compression_ratio_total": 0.8903575661361549,
  "compression_rate_percent": 10.96424338638451,
  "leaf": {
    "vocab_observed": 8192,
    "unigram_entropy_bits": 10.910369424864584,
    "adjacency": {
      "edge_count": 92050424.0,
      "pair_entropy_bits": 19.662481156422672,
      "source_direction_entropy_bits": 12.366735466748509,
      "target_entropy_bits": 10.934948019039984,
      "target_given_source_direction_entropy_bits": 7.295745689674163,
      "source_direction_target_mutual_information_bits": 3.6392023293658227,
      "direction_entropy_bits": 1.583845665137659
    }
  },
  "macro": {
    "vocab_observed": 8704,
    "unigram_entropy_bits": 11.472395623823642,
    "unigram_entropy_bits_per_leaf": 10.214534245378692
  },
  "macro_anchor": {
    "adjacency": {
      "edge_count": 75351361.0,
      "pair_entropy_bits": 20.92504807217266,
      "source_direction_entropy_bits": 12.861163226872325,
      "target_entropy_bits": 11.49145017612114,
      "target_given_source_direction_entropy_bits": 8.063884845300336,
      "source_direction_target_mutual_information_bits": 3.4275653308208014,
      "direction_entropy_bits": 1.5848353215837403
    }
  },
  "macro_boundary": {
    "adjacency": {
      "edge_count": 87360703.0,
      "pair_entropy_bits": 20.830531994713446,
      "source_direction_entropy_bits": 12.956091358606509,
      "target_entropy_bits": 11.51952304885426,
      "target_given_source_direction_entropy_bits": 7.874440636106938,
      "source_direction_target_mutual_information_bits": 3.645082412747321,
      "direction_entropy_bits": 1.5846418109073759
    }
  },
  "per_direction": {
    "plus_x": {
      "leaf": {
        "adjacency": {
          "edge_count": 31710906.0,
          "pair_entropy_bits": 17.828105781841717,
          "source_direction_entropy_bits": 10.71172090760688,
          "target_entropy_bits": 10.708914655555612,
          "target_given_source_direction_entropy_bits": 7.1163848742348375,
          "source_direction_target_mutual_information_bits": 3.592529781320774,
          "direction_entropy_bits": 0.0
        }
      },
      "macro_anchor": {
        "adjacency": {
          "edge_count": 25414436.0,
          "pair_entropy_bits": 19.285335313705332,
          "source_direction_entropy_bits": 11.261351437446995,
          "target_entropy_bits": 11.354256063797791,
          "target_given_source_direction_entropy_bits": 8.023983876258336,
          "source_direction_target_mutual_information_bits": 3.3302721875394568,
          "direction_entropy_bits": 0.0
        }
      },
      "macro_boundary": {
        "adjacency": {
          "edge_count": 29842837.0,
          "pair_entropy_bits": 19.11783709099547,
          "source_direction_entropy_bits": 11.348122692487276,
          "target_entropy_bits": 11.346318372842108,
          "target_given_source_direction_entropy_bits": 7.769714398508192,
          "source_direction_target_mutual_information_bits": 3.576603974333917,
          "direction_entropy_bits": 0.0
        }
      }
    },
    "plus_y": {
      "leaf": {
        "adjacency": {
          "edge_count": 28997025.0,
          "pair_entropy_bits": 18.524481649215698,
          "source_direction_entropy_bits": 10.919138058785371,
          "target_entropy_bits": 10.931232572473885,
          "target_given_source_direction_entropy_bits": 7.605343590430326,
          "source_direction_target_mutual_information_bits": 3.3258889820435584,
          "direction_entropy_bits": 0.0
        }
      },
      "macro_anchor": {
        "adjacency": {
          "edge_count": 24652117.0,
          "pair_entropy_bits": 19.419756724772398,
          "source_direction_entropy_bits": 11.320129141492353,
          "target_entropy_bits": 11.353840140992164,
          "target_given_source_direction_entropy_bits": 8.099627583280045,
          "source_direction_target_mutual_information_bits": 3.254212557712119,
          "direction_entropy_bits": 0.0
        }
      },
      "macro_boundary": {
        "adjacency": {
          "edge_count": 28342668.0,
          "pair_entropy_bits": 19.3897115839331,
          "source_direction_entropy_bits": 11.404634307171102,
          "target_entropy_bits": 11.392123190314106,
          "target_given_source_direction_entropy_bits": 7.985077276761997,
          "source_direction_target_mutual_information_bits": 3.4070459135521105,
          "direction_entropy_bits": 0.0
        }
      }
    },
    "plus_z": {
      "leaf": {
        "adjacency": {
          "edge_count": 31342493.0,
          "pair_entropy_bits": 17.919628109909727,
          "source_direction_entropy_bits": 10.72884291990097,
          "target_entropy_bits": 10.725060081955789,
          "target_given_source_direction_entropy_bits": 7.190785190008757,
          "source_direction_target_mutual_information_bits": 3.5342748919470317,
          "direction_entropy_bits": 0.0
        }
      },
      "macro_anchor": {
        "adjacency": {
          "edge_count": 25284808.0,
          "pair_entropy_bits": 19.317817939266888,
          "source_direction_entropy_bits": 11.248675936716754,
          "target_entropy_bits": 11.346653844196217,
          "target_given_source_direction_entropy_bits": 8.069142002550134,
          "source_direction_target_mutual_information_bits": 3.2775118416460813,
          "direction_entropy_bits": 0.0
        }
      },
      "macro_boundary": {
        "adjacency": {
          "edge_count": 29175198.0,
          "pair_entropy_bits": 19.237156262856864,
          "source_direction_entropy_bits": 11.363072395209203,
          "target_entropy_bits": 11.357749140423401,
          "target_given_source_direction_entropy_bits": 7.874083867647661,
          "source_direction_target_mutual_information_bits": 3.4836652727757382,
          "direction_entropy_bits": 0.0
        }
      }
    }
  },
  "macro_footprint_vocab": {
    "merge_rules": 512,
    "mean_cells": 2.50390625,
    "p50": 2.0,
    "p90": 4.0,
    "max_cells": 16
  },
  "merge_table_metadata": {
    "merge_freq_skipped": true,
    "merge_freq_skip_reason": "merge_table entries have no freq/frequency field (training log not exported)"
  },
  "deltas": {
    "unigram_entropy_bits": -0.5620261989590585,
    "unigram_entropy_bits_per_leaf": 0.6958351794858917,
    "unigram_entropy_per_leaf_ratio": 0.9362225830868667,
    "boundary_pair_entropy_bits": -1.1680508382907746,
    "boundary_conditional_entropy_bits": -0.5786949464327744,
    "boundary_mutual_information_bits": -0.00588008338149848,
    "boundary_mi_ratio": 1.0016157616008459,
    "boundary_edge_ratio": 0.9490526952923106,
    "weighted_boundary_mi_ratio": 0.9505861381945432
  },
  "paper_reporting": {
    "headline_bits_per_leaf_before_H1_X": 10.910369424864584,
    "headline_bits_per_leaf_after_H1_B_times_R_len": 10.214534245378692,
    "weighted_boundary_mi_ratio": 0.9505861381945432,
    "per_edge_boundary_mi_ratio": 1.0016157616008459,
    "note_per_edge_mi_survivor_bias": "per-edge MI ratio can exceed 1 after BPE because high-MI adjacent pairs are absorbed into macros; report weighted_boundary_mi_ratio for total MI flux."
  },
  "K": 512
}