{
  "corpus_prefix": "pad_outputs/qwen3vl_3d_sft_8cat.jsonl",
  "merge_table": "pad_outputs/merge_table_rel_offset.json",
  "samples": 18577,
  "total_leaf_tokens": 42142078,
  "total_macro_tokens": 40741462,
  "compression_ratio_total": 0.9667644296040646,
  "compression_rate_percent": 3.3235570395935388,
  "leaf": {
    "vocab_observed": 8192,
    "unigram_entropy_bits": 10.910369424864584,
    "adjacency": {
      "edge_count": 92050424.0,
      "pair_entropy_bits": 19.662481156422672,
      "source_direction_entropy_bits": 12.366735466748509,
      "target_entropy_bits": 10.934948019039984,
      "target_given_source_direction_entropy_bits": 7.295745689674163,
      "source_direction_target_mutual_information_bits": 3.6392023293658227,
      "direction_entropy_bits": 1.583845665137659
    }
  },
  "macro": {
    "vocab_observed": 8224,
    "unigram_entropy_bits": 11.08025629816987,
    "unigram_entropy_bits_per_leaf": 10.711997659967038
  },
  "macro_anchor": {
    "adjacency": {
      "edge_count": 86806740.0,
      "pair_entropy_bits": 20.11915093860905,
      "source_direction_entropy_bits": 12.55086275204538,
      "target_entropy_bits": 11.121723485003644,
      "target_given_source_direction_entropy_bits": 7.56828818656367,
      "source_direction_target_mutual_information_bits": 3.5534352984399753,
      "direction_entropy_bits": 1.5846590946904242
    }
  },
  "macro_boundary": {
    "adjacency": {
      "edge_count": 90649808.0,
      "pair_entropy_bits": 19.955925544057312,
      "source_direction_entropy_bits": 12.511749715601013,
      "target_entropy_bits": 11.076001592309812,
      "target_given_source_direction_entropy_bits": 7.444175828456299,
      "source_direction_target_mutual_information_bits": 3.631825763853513,
      "direction_entropy_bits": 1.5842830843152882
    }
  },
  "per_direction": {
    "plus_x": {
      "leaf": {
        "adjacency": {
          "edge_count": 31710906.0,
          "pair_entropy_bits": 17.828105781841717,
          "source_direction_entropy_bits": 10.71172090760688,
          "target_entropy_bits": 10.708914655555612,
          "target_given_source_direction_entropy_bits": 7.1163848742348375,
          "source_direction_target_mutual_information_bits": 3.592529781320774,
          "direction_entropy_bits": 0.0
        }
      },
      "macro_anchor": {
        "adjacency": {
          "edge_count": 29408044.0,
          "pair_entropy_bits": 18.435658816096467,
          "source_direction_entropy_bits": 10.951424253716937,
          "target_entropy_bits": 10.964652566443768,
          "target_given_source_direction_entropy_bits": 7.48423456237953,
          "source_direction_target_mutual_information_bits": 3.480418004064237,
          "direction_entropy_bits": 0.0
        }
      },
      "macro_boundary": {
        "adjacency": {
          "edge_count": 31167728.0,
          "pair_entropy_bits": 18.175387708642074,
          "source_direction_entropy_bits": 10.884734103560529,
          "target_entropy_bits": 10.880821748345868,
          "target_given_source_direction_entropy_bits": 7.290653605081545,
          "source_direction_target_mutual_information_bits": 3.590168143264325,
          "direction_entropy_bits": 0.0
        }
      }
    },
    "plus_y": {
      "leaf": {
        "adjacency": {
          "edge_count": 28997025.0,
          "pair_entropy_bits": 18.524481649215698,
          "source_direction_entropy_bits": 10.919138058785371,
          "target_entropy_bits": 10.931232572473885,
          "target_given_source_direction_entropy_bits": 7.605343590430326,
          "source_direction_target_mutual_information_bits": 3.3258889820435584,
          "direction_entropy_bits": 0.0
        }
      },
      "macro_anchor": {
        "adjacency": {
          "edge_count": 28100764.0,
          "pair_entropy_bits": 18.715143603930873,
          "source_direction_entropy_bits": 11.017285837484613,
          "target_entropy_bits": 11.011674806762159,
          "target_given_source_direction_entropy_bits": 7.69785776644626,
          "source_direction_target_mutual_information_bits": 3.3138170403159,
          "direction_entropy_bits": 0.0
        }
      },
      "macro_boundary": {
        "adjacency": {
          "edge_count": 28963092.0,
          "pair_entropy_bits": 18.648124162731406,
          "source_direction_entropy_bits": 10.994982266892013,
          "target_entropy_bits": 10.995660423483953,
          "target_given_source_direction_entropy_bits": 7.6531418958393935,
          "source_direction_target_mutual_information_bits": 3.3425185276445575,
          "direction_entropy_bits": 0.0
        }
      }
    },
    "plus_z": {
      "leaf": {
        "adjacency": {
          "edge_count": 31342493.0,
          "pair_entropy_bits": 17.919628109909727,
          "source_direction_entropy_bits": 10.72884291990097,
          "target_entropy_bits": 10.725060081955789,
          "target_given_source_direction_entropy_bits": 7.190785190008757,
          "source_direction_target_mutual_information_bits": 3.5342748919470317,
          "direction_entropy_bits": 0.0
        }
      },
      "macro_anchor": {
        "adjacency": {
          "edge_count": 29297932.0,
          "pair_entropy_bits": 18.460426315565435,
          "source_direction_entropy_bits": 10.932043739995427,
          "target_entropy_bits": 10.952454536271015,
          "target_given_source_direction_entropy_bits": 7.528382575570008,
          "source_direction_target_mutual_information_bits": 3.4240719607010064,
          "direction_entropy_bits": 0.0
        }
      },
      "macro_boundary": {
        "adjacency": {
          "edge_count": 30518988.0,
          "pair_entropy_bits": 18.30968268116648,
          "source_direction_entropy_bits": 10.907033916916697,
          "target_entropy_bits": 10.903172982963984,
          "target_given_source_direction_entropy_bits": 7.402648764249781,
          "source_direction_target_mutual_information_bits": 3.5005242187142045,
          "direction_entropy_bits": 0.0
        }
      }
    }
  },
  "macro_footprint_vocab": {
    "merge_rules": 32,
    "mean_cells": 2.1875,
    "p50": 2.0,
    "p90": 2.0,
    "max_cells": 4
  },
  "merge_table_metadata": {
    "merge_freq_skipped": true,
    "merge_freq_skip_reason": "merge_table entries have no freq/frequency field (training log not exported)"
  },
  "deltas": {
    "unigram_entropy_bits": -0.16988687330528585,
    "unigram_entropy_bits_per_leaf": 0.19837176489754604,
    "unigram_entropy_per_leaf_ratio": 0.9818180524258455,
    "boundary_pair_entropy_bits": -0.29344438763464,
    "boundary_conditional_entropy_bits": -0.1484301387821354,
    "boundary_mutual_information_bits": 0.007376565512309696,
    "boundary_mi_ratio": 0.9979730268216235,
    "boundary_edge_ratio": 0.984784252596164,
    "weighted_boundary_mi_ratio": 0.982788121329664
  },
  "paper_reporting": {
    "headline_bits_per_leaf_before_H1_X": 10.910369424864584,
    "headline_bits_per_leaf_after_H1_B_times_R_len": 10.711997659967038,
    "weighted_boundary_mi_ratio": 0.982788121329664,
    "per_edge_boundary_mi_ratio": 0.9979730268216235,
    "note_per_edge_mi_survivor_bias": "per-edge MI ratio can exceed 1 after BPE because high-MI adjacent pairs are absorbed into macros; report weighted_boundary_mi_ratio for total MI flux."
  },
  "K": 32
}