{
  "baseline_compression": 0.7543239324838229,
  "perturbed": {
    "translate": 0.7543239324838229,
    "axis_perm_yzx": 0.8809393072643451,
    "noise": 0.7753317954563133,
    "sparsity_drop": 0.7726271360876239,
    "split_first_half": 0.7557503659036023,
    "split_second_half": 0.7528949877560901
  }
}